{
  "resnet50_resnet50_merge_error_identification_test": {
    "metrics": {
      "ece": 0.28768894635140896,
      "mce": 0.6198472778002422,
      "brier_score": 0.37590342508261676,
      "bin_accuracies": [
        0.0,
        0.0,
        0.0,
        0.0,
        0.0,
        0.6,
        0.7,
        0.6875,
        0.4666666666666667,
        0.3333333333333333
      ],
      "bin_confidences": [
        0.05,
        0.15000000000000002,
        0.25,
        0.35000000000000003,
        0.45,
        0.5564452409744263,
        0.6603022217750549,
        0.7355253100395203,
        0.8581123352050781,
        0.9531806111335754
      ],
      "bin_counts": [
        0,
        0,
        0,
        0,
        0,
        5,
        10,
        16,
        15,
        18
      ],
      "bin_boundaries": [
        0.0,
        0.1,
        0.2,
        0.30000000000000004,
        0.4,
        0.5,
        0.6000000000000001,
        0.7000000000000001,
        0.8,
        0.9,
        1.0
      ]
    },
    "confidences": [
      0.630733072757721,
      0.9372284412384033,
      0.984336256980896,
      0.9454624652862549,
      0.7322767376899719,
      0.9623504877090454,
      0.6991218328475952,
      0.8484625220298767,
      0.9282981753349304,
      0.7634085416793823,
      0.8725345134735107,
      0.5635749101638794,
      0.733667254447937,
      0.9763244390487671,
      0.7107491493225098,
      0.7275930643081665,
      0.9959412813186646,
      0.7987409830093384,
      0.9641612768173218,
      0.8384615182876587,
      0.5117642283439636,
      0.7435256242752075,
      0.8959337472915649,
      0.5904549956321716,
      0.7173284292221069,
      0.5268044471740723,
      0.670107364654541,
      0.6072999835014343,
      0.7304993271827698,
      0.6184287667274475,
      0.6985574960708618,
      0.8478155732154846,
      0.6988351941108704,
      0.6795417666435242,
      0.8185738325119019,
      0.890629231929779,
      0.7101481556892395,
      0.6541092991828918,
      0.9420487880706787,
      0.7390321493148804,
      0.881700336933136,
      0.7242957353591919,
      0.9200587272644043,
      0.8243255615234375,
      0.9969497323036194,
      0.76746666431427,
      0.916741669178009,
      0.8428463935852051,
      0.8408423066139221,
      0.8996409177780151,
      0.9612826704978943,
      0.956851065158844,
      0.9104613065719604,
      0.8155671954154968,
      0.8867435455322266,
      0.8676081895828247,
      0.977668285369873,
      0.6462870240211487,
      0.755179762840271,
      0.7116644382476807,
      0.9529521465301514,
      0.7028290033340454,
      0.9281350374221802,
      0.5896278023719788
    ],
    "predictions": [
      1,
      0,
      0,
      1,
      0,
      1,
      1,
      1,
      1,
      1,
      1,
      0,
      1,
      1,
      1,
      1,
      0,
      0,
      0,
      1,
      1,
      0,
      0,
      1,
      1,
      0,
      1,
      0,
      1,
      1,
      1,
      0,
      0,
      1,
      1,
      0,
      1,
      1,
      0,
      1,
      0,
      1,
      0,
      0,
      0,
      1,
      0,
      1,
      0,
      0,
      0,
      0,
      1,
      1,
      1,
      0,
      0,
      0,
      0,
      1,
      1,
      0,
      0,
      1
    ],
    "labels": [
      1,
      1,
      1,
      1,
      1,
      1,
      1,
      1,
      1,
      1,
      1,
      1,
      1,
      1,
      1,
      1,
      1,
      1,
      1,
      1,
      1,
      1,
      1,
      1,
      1,
      1,
      1,
      1,
      1,
      1,
      1,
      1,
      1,
      1,
      1,
      1,
      1,
      1,
      1,
      1,
      1,
      1,
      1,
      1,
      1,
      1,
      1,
      1,
      1,
      1,
      1,
      1,
      1,
      1,
      1,
      1,
      1,
      1,
      1,
      1,
      1,
      1,
      1,
      1
    ],
    "accuracy": 0.53125,
    "checkpoint_path": "resnet50_resnet50_merge_error_identification_test",
    "task_name": "merge_error_identification",
    "model_name": "resnet50"
  }
}