{
  "checkpoint": "resnet50_merge_error_identification_20260128_081841",
  "task": null,
  "dataset_path": null,
  "use_test_set": true,
  "timestamp": "20260128_090616",
  "accuracy": 0.658203125,
  "balanced_accuracy": 0.6657090016633129,
  "correct": 674,
  "total": 1024
}