{
  "merge_action": {
    "fly": {
      "ece": 0.1073,
      "mce": 0.1223,
      "brier_score": 0.1546,
      "accuracy": 0.8123,
      "vlm": {
        "ece": 0.1636451814768461,
        "mce": 0.41538461538461546,
        "brier_score": 0.4551928347934919,
        "accuracy": 0.7806633291614519
      },
      "vlm_derived": {
        "ece": 0.16301939924906142,
        "mce": 0.39999999999999997,
        "brier_score": 0.4551928347934919,
        "accuracy": 0.7812891113892365
      },
      "linear_probe": {
        "ece": 0.09165874373776653,
        "mce": 0.4290576351627541,
        "brier_score": 0.08963252953428369,
        "accuracy": 0.8828125
      }
    },
    "zebrafish": {
      "ece": 0.0805,
      "mce": 0.1142,
      "brier_score": 0.138,
      "accuracy": 0.8243,
      "vlm": {
        "ece": 0.1436170212765957,
        "mce": 0.52375,
        "brier_score": 0.44500826032540675,
        "accuracy": 0.7981852315394243
      },
      "vlm_derived": {
        "ece": 0.142991239048811,
        "mce": 0.46125000000000005,
        "brier_score": 0.44500826032540675,
        "accuracy": 0.798811013767209
      },
      "linear_probe": {
        "ece": 0.10246988002929233,
        "mce": 0.3049717203393008,
        "brier_score": 0.14969045159258942,
        "accuracy": 0.8046875
      }
    },
    "human": {
      "ece": 0.0488,
      "mce": 0.1735,
      "brier_score": 0.086,
      "accuracy": 0.8917,
      "vlm": {
        "ece": 0.11792812499999995,
        "mce": 0.8,
        "brier_score": 0.4493846562499999,
        "accuracy": 0.8271875
      },
      "vlm_derived": {
        "ece": 0.11792812499999995,
        "mce": 0.8,
        "brier_score": 0.4493846562499999,
        "accuracy": 0.8271875
      },
      "linear_probe": {
        "ece": 0.08764338927760867,
        "mce": 0.7225711086127793,
        "brier_score": 0.10900553960435815,
        "accuracy": 0.8359375
      }
    },
    "mouse": {
      "vlm": {
        "ece": 0.02924882629107988,
        "mce": 0.75,
        "brier_score": 0.4541159624413144,
        "accuracy": 0.9436619718309859
      },
      "vlm_derived": {
        "ece": 0.02924882629107988,
        "mce": 0.75,
        "brier_score": 0.4541159624413144,
        "accuracy": 0.9436619718309859
      },
      "ece": 0.009333545552500232,
      "mce": 0.152130126953125,
      "brier_score": 0.02433940437086304,
      "linear_probe": {
        "ece": 0.02102902830781204,
        "mce": 0.11120348226240806,
        "brier_score": 0.030812039887103904,
        "accuracy": 0.9590723055934518
      }
    }
  },
  "merge_error_identification": {
    "fly": {
      "ece": 0.2621,
      "mce": 0.4052,
      "brier_score": 0.3240,
      "accuracy": 0.5781,
      "vlm": {
        "ece": 0.18303409446355967,
        "mce": 0.71,
        "brier_score": 0.019212824522990307,
        "accuracy": 0.7197372536753206
      },
      "linear_probe": {
        "ece": 0.24923753770138957,
        "mce": 0.3570497285121942,
        "brier_score": 0.3165509727774678,
        "accuracy": 0.546875
      }
    },
    "zebrafish": {
      "ece": 0.3168,
      "mce": 0.4351,
      "brier_score": 0.3629,
      "accuracy": 0.5312,
      "vlm": {
        "ece": 0.26957090909090914,
        "mce": 0.8,
        "brier_score": 0.021550981818181818,
        "accuracy": 0.6290909090909091
      },
      "linear_probe": {
        "ece": 0.2720136536977837,
        "mce": 0.5324040202856735,
        "brier_score": 0.3347273388844568,
        "accuracy": 0.46875
      }
    },
    "human": {
      "ece": 0.4230,
      "mce": 0.5098,
      "brier_score": 0.4207,
      "accuracy": 0.5156,
      "vlm": {
        "ece": 0.25847338319401686,
        "mce": 0.8,
        "brier_score": 0.01780796304443467,
        "accuracy": 0.6506819181698196
      },
      "linear_probe": {
        "ece": 0.2456748327303583,
        "mce": 0.4051130997346491,
        "brier_score": 0.28056618752630724,
        "accuracy": 0.59375
      }
    },
    "mouse": {
      "vlm": {
        "ece": 0.15393370856785485,
        "mce": 0.18439024390243913,
        "brier_score": 0.4436515322076297,
        "accuracy": 0.7692307692307693
      },
      "ece": 0.03624199092388153,
      "mce": 0.07479308926781941,
      "brier_score": 0.11539454485015223,
      "linear_probe": {
        "ece": 0.031898618228005896,
        "mce": 0.06862577275212099,
        "brier_score": 0.15072948160022484,
        "accuracy": 0.7791492910758965
      }
    }
  },
  "split_action": {
    "fly": {
      "ece": 0.2284,
      "mce": 0.2833,
      "brier_score": 0.2743,
      "accuracy": 0.6305,
      "vlm": {
        "ece": 0.3364821428571429,
        "mce": 0.5177777777777778,
        "brier_score": 0.41423225,
        "accuracy": 0.5525
      },
      "vlm_derived": {
        "ece": 0.32766917293233094,
        "mce": 0.38272264631043285,
        "brier_score": 0.41461604010025055,
        "accuracy": 0.5588972431077694
      },
      "linear_probe": {
        "ece": 0.15456570172326778,
        "mce": 0.5282971201446308,
        "brier_score": 0.28219346368288445,
        "accuracy": 0.546875
      }
    },
    "zebrafish": {
      "ece": 0.0532,
      "mce": 0.0856,
      "brier_score": 0.1495,
      "accuracy": 0.8018,
      "vlm": {
        "ece": 0.2938824632697719,
        "mce": 0.39133333333333326,
        "brier_score": 0.3986779306033135,
        "accuracy": 0.583307283526102
      },
      "vlm_derived": {
        "ece": 0.305294117647059,
        "mce": 0.3706380368098162,
        "brier_score": 0.3986344806007509,
        "accuracy": 0.5694618272841051
      },
      "linear_probe": {
        "ece": 0.2030603150907317,
        "mce": 0.3529906459055502,
        "brier_score": 0.2885492301623677,
        "accuracy": 0.5859375
      }
    },
    "human": {
      "ece": 0.4817,
      "mce": 0.6349,
      "brier_score": 0.4604,
      "accuracy": 0.4846,
      "vlm": {
        "ece": 0.21618823529411785,
        "mce": 0.4975,
        "brier_score": 0.42489529411764704,
        "accuracy": 0.6847058823529412
      },
      "vlm_derived": {
        "ece": 0.22413325471698126,
        "mce": 0.7475,
        "brier_score": 0.42499994103773586,
        "accuracy": 0.6804245283018868
      },
      "linear_probe": {
        "ece": 0.3126889009230731,
        "mce": 0.9376112020447029,
        "brier_score": 0.32474067279015617,
        "accuracy": 0.328125
      }
    },
    "mouse": {
      "vlm": {
        "ece": 0.22613004063769937,
        "mce": 0.8,
        "brier_score": 0.31002066270709594,
        "accuracy": 0.7120975304782745
      },
      "ece": 0.035969684234451564,
      "mce": 0.07195875121325979,
      "brier_score": 0.14995190951476053,
      "linear_probe": {
        "ece": 0.023757808819731097,
        "mce": 0.05468036546548253,
        "brier_score": 0.19371057838647784,
        "accuracy": 0.7080635308491141
      }
    }
  },
  "endpoint_error_identification_with_em": {
    "mouse": {
      "vlm": {
        "ece": 0.18055642388246318,
        "mce": 0.20300309597523214,
        "brier_score": 0.4145979993748046,
        "accuracy": 0.6980306345733042
      },
      "ece": 0.09133524436415145,
      "mce": 0.20302429539816724,
      "brier_score": 0.19948160230014006,
      "linear_probe": {
        "ece": 0.03377363291908527,
        "mce": 0.06096535261517459,
        "brier_score": 0.1842159126321068,
        "accuracy": 0.7209503239740821
      }
    },
    "zebrafish": {
      "vlm": {
        "ece": 0.282439024390244,
        "mce": 0.31285714285714317,
        "brier_score": 0.4108312070043777,
        "accuracy": 0.600375234521576
      },
      "ece": 0.1028,
      "mce": 0.1814,
      "brier_score": 0.2125,
      "accuracy": 0.6914,
      "linear_probe": {
        "ece": 0.10183213007110245,
        "mce": 0.24998504857728754,
        "brier_score": 0.19374455344771754,
        "accuracy": 0.7265625
      }
    },