{
  "model": "google/siglip2-so400m-patch16-512",
  "task": "endpoint_error_identification_with_em",
  "num_samples": 4626,
  "train_samples": 3700,
  "val_samples": 926,
  "eval_samples": null,
  "feature_dim": 1152,
  "pooling": "mean",
  "classifier_type": "linear",
  "train_accuracy": 0.7932432432432432,
  "val_accuracy": 0.7224622030237581,
  "eval_accuracy": null,
  "train_tpr": 0.847027027027027,
  "train_tnr": 0.7394594594594595,
  "train_fpr": 0.26054054054054054,
  "train_fnr": 0.15297297297297296,
  "val_tpr": 0.7688984881209503,
  "val_tnr": 0.6760259179265659,
  "val_fpr": 0.32397408207343414,
  "val_fnr": 0.23110151187904968,
  "class_distribution": {
    "1": 2313,
    "0": 2313
  },
  "timestamp": "2026-01-27T21:37:52.120128",
  "loaded_from_weights": false,
  "weights_loaded_from": null,
  "dataset_path": null,
  "dataset_slug": "endpoints-with-em-parquet",
  "cross_validation": {
    "cv_accuracy_mean": 0.7287077228416321,
    "cv_accuracy_std": 0.011733259859403019,
    "cv_accuracy_folds": [
      0.7267818574514039,
      0.7297297297297297,
      0.7167567567567568,
      0.7502702702702703,
      0.72
    ],
    "cv_precision_mean": 0.7073022710700579,
    "cv_precision_std": 0.01637303767269446,
    "cv_precision_folds": [
      0.7134146341463414,
      0.7013232514177694,
      0.6951456310679611,
      0.7361963190184049,
      0.6904315196998124
    ],
    "cv_recall_mean": 0.7816741933372604,
    "cv_recall_std": 0.01574296909439618,
    "cv_recall_folds": [
      0.7580993520518359,
      0.8012958963282938,
      0.7732181425485961,
      0.7792207792207793,
      0.7965367965367965
    ],
    "cv_f1_mean": 0.7423930057455754,
    "cv_f1_std": 0.009100174813420932,
    "cv_f1_folds": [
      0.7350785340314137,
      0.7479838709677419,
      0.7321063394683026,
      0.7570977917981072,
      0.7396984924623116
    ],
    "cv_tpr_mean": 0.7816741933372604,
    "cv_tpr_std": 0.01574296909439618,
    "cv_tpr_folds": [
      0.7580993520518359,
      0.8012958963282938,
      0.7732181425485961,
      0.7792207792207793,
      0.7965367965367965
    ],
    "cv_tnr_mean": 0.6757313960337719,
    "cv_tnr_std": 0.028496117286422384,
    "cv_tnr_folds": [
      0.6954643628509719,
      0.658008658008658,
      0.6601731601731602,
      0.7213822894168467,
      0.6436285097192225
    ],
    "cv_fpr_mean": 0.32426860396622814,
    "cv_fpr_std": 0.02849611728642239,
    "cv_fpr_folds": [
      0.3045356371490281,
      0.341991341991342,
      0.3398268398268398,
      0.2786177105831533,
      0.3563714902807775
    ],
    "cv_fnr_mean": 0.21832580666273974,
    "cv_fnr_std": 0.015742969094396174,
    "cv_fnr_folds": [
      0.24190064794816415,
      0.19870410367170627,
      0.2267818574514039,
      0.22077922077922077,
      0.20346320346320346
    ]
  },
  "probe_weights_path": "/results/probe_weights/google_siglip2-so400m-patch16-512_endpoint_error_identification_with_em_endpoints-with-em-parquet_linear_mean.npz"
}