{
  "model": "google/siglip2-so400m-patch16-512",
  "task": "split_action",
  "num_samples": 512,
  "train_samples": 410,
  "val_samples": 102,
  "eval_samples": null,
  "feature_dim": 1152,
  "pooling": "mean",
  "classifier_type": "linear",
  "train_accuracy": 0.9292682926829269,
  "val_accuracy": 0.6078431372549019,
  "eval_accuracy": null,
  "train_tpr": 0.9342723004694836,
  "train_tnr": 0.9238578680203046,
  "train_fpr": 0.07614213197969544,
  "train_fnr": 0.06572769953051644,
  "val_tpr": 0.5102040816326531,
  "val_tnr": 0.6981132075471698,
  "val_fpr": 0.3018867924528302,
  "val_fnr": 0.4897959183673469,
  "class_distribution": {
    "0": 250,
    "1": 262
  },
  "timestamp": "2026-01-21T16:54:24.650031",
  "loaded_from_weights": false,
  "weights_loaded_from": null,
  "dataset_path": null,
  "dataset_slug": "splits-parquet",
  "cross_validation": {
    "cv_accuracy_mean": 0.5701503902531886,
    "cv_accuracy_std": 0.039788928939024484,
    "cv_accuracy_folds": [
      0.6019417475728155,
      0.6213592233009708,
      0.5294117647058824,
      0.5784313725490197,
      0.5196078431372549
    ],
    "cv_precision_mean": 0.5802529644268775,
    "cv_precision_std": 0.04470397039051767,
    "cv_precision_folds": [
      0.6,
      0.6521739130434783,
      0.54,
      0.5818181818181818,
      0.5272727272727272
    ],
    "cv_recall_mean": 0.5875181422351234,
    "cv_recall_std": 0.055144468913344395,
    "cv_recall_folds": [
      0.6792452830188679,
      0.5660377358490566,
      0.5192307692307693,
      0.6153846153846154,
      0.5576923076923077
    ],
    "cv_f1_mean": 0.5825654856494518,
    "cv_f1_std": 0.04060069317247901,
    "cv_f1_folds": [
      0.6371681415929203,
      0.6060606060606061,
      0.5294117647058824,
      0.5981308411214953,
      0.5420560747663551
    ],
    "cv_tpr_mean": 0.5875181422351234,
    "cv_tpr_std": 0.055144468913344395,
    "cv_tpr_folds": [
      0.6792452830188679,
      0.5660377358490566,
      0.5192307692307693,
      0.6153846153846154,
      0.5576923076923077
    ],
    "cv_tnr_mean": 0.552,
    "cv_tnr_std": 0.06764613810115107,
    "cv_tnr_folds": [
      0.52,
      0.68,
      0.54,
      0.54,
      0.48
    ],
    "cv_fpr_mean": 0.44800000000000006,
    "cv_fpr_std": 0.06764613810115105,
    "cv_fpr_folds": [
      0.48,
      0.32,
      0.46,
      0.46,
      0.52
    ],
    "cv_fnr_mean": 0.41248185776487667,
    "cv_fnr_std": 0.05514446891334442,
    "cv_fnr_folds": [
      0.32075471698113206,
      0.4339622641509434,
      0.4807692307692308,
      0.38461538461538464,
      0.4423076923076923
    ]
  },
  "probe_weights_path": "/results/probe_weights/google_siglip2-so400m-patch16-512_split_action_splits-parquet_linear_mean.npz"
}