{
  "model": "google/siglip2-so400m-patch16-512",
  "task": "merge_action",
  "num_samples": 512,
  "train_samples": 409,
  "val_samples": 103,
  "eval_samples": null,
  "feature_dim": 1152,
  "pooling": "mean",
  "classifier_type": "linear",
  "train_accuracy": 0.9902200488997555,
  "val_accuracy": 0.970873786407767,
  "eval_accuracy": null,
  "train_tpr": 0.9953271028037384,
  "train_tnr": 0.9846153846153847,
  "train_fpr": 0.015384615384615385,
  "train_fnr": 0.004672897196261682,
  "val_tpr": 1.0,
  "val_tnr": 0.9433962264150944,
  "val_fpr": 0.05660377358490566,
  "val_fnr": 0.0,
  "class_distribution": {
    "1": 264,
    "0": 248
  },
  "timestamp": "2026-01-21T16:27:58.648523",
  "loaded_from_weights": false,
  "weights_loaded_from": null,
  "dataset_path": null,
  "dataset_slug": "merge-parquet",
  "cross_validation": {
    "cv_accuracy_mean": 0.9179135731962689,
    "cv_accuracy_std": 0.023028209715044635,
    "cv_accuracy_folds": [
      0.9320388349514563,
      0.9320388349514563,
      0.8725490196078431,
      0.9313725490196079,
      0.9215686274509803
    ],
    "cv_precision_mean": 0.9283799903799903,
    "cv_precision_std": 0.01702840458516187,
    "cv_precision_folds": [
      0.9107142857142857,
      0.9259259259259259,
      0.9545454545454546,
      0.9107142857142857,
      0.94
    ],
    "cv_recall_mean": 0.912844702467344,
    "cv_recall_std": 0.0638641310579492,
    "cv_recall_folds": [
      0.9622641509433962,
      0.9433962264150944,
      0.7924528301886793,
      0.9622641509433962,
      0.9038461538461539
    ],
    "cv_f1_mean": 0.9187374162348279,
    "cv_f1_std": 0.02691944464448219,
    "cv_f1_folds": [
      0.9357798165137615,
      0.9345794392523364,
      0.865979381443299,
      0.9357798165137615,
      0.9215686274509803
    ],
    "cv_tpr_mean": 0.912844702467344,
    "cv_tpr_std": 0.0638641310579492,
    "cv_tpr_folds": [
      0.9622641509433962,
      0.9433962264150944,
      0.7924528301886793,
      0.9622641509433962,
      0.9038461538461539
    ],
    "cv_tnr_mean": 0.9234285714285715,
    "cv_tnr_std": 0.02350481797713555,
    "cv_tnr_folds": [
      0.9,
      0.92,
      0.9591836734693877,
      0.8979591836734694,
      0.94
    ],
    "cv_fpr_mean": 0.07657142857142857,
    "cv_fpr_std": 0.023504817977135578,
    "cv_fpr_folds": [
      0.1,
      0.08,
      0.04081632653061224,
      0.10204081632653061,
      0.06
    ],
    "cv_fnr_mean": 0.08715529753265602,
    "cv_fnr_std": 0.06386413105794923,
    "cv_fnr_folds": [
      0.03773584905660377,
      0.05660377358490566,
      0.20754716981132076,
      0.03773584905660377,
      0.09615384615384616
    ]
  },
  "probe_weights_path": "/results/probe_weights/google_siglip2-so400m-patch16-512_merge_action_merge-parquet_linear_mean.npz"
}