{
  "resnet50_resnet50_merge_error_identification_test": {
    "metrics": {
      "ece": 0.8163886687029962,
      "mce": 0.9391662129541722,
      "brier_score": 0.8064955382454135,
      "bin_accuracies": [
        0.0,
        0.0,
        0.0,
        0.0,
        0.0,
        0.5,
        0.6666666666666666,
        0.25,
        0.05555555555555555,
        0.036585365853658534
      ],
      "bin_confidences": [
        0.05,
        0.15000000000000002,
        0.25,
        0.35000000000000003,
        0.45,
        0.5421966910362244,
        0.6702887415885925,
        0.7631628513336182,
        0.8724124431610107,
        0.9757515788078308
      ],
      "bin_counts": [
        0,
        0,
        0,
        0,
        0,
        2,
        9,
        4,
        18,
        82
      ],
      "bin_boundaries": [
        0.0,
        0.1,
        0.2,
        0.30000000000000004,
        0.4,
        0.5,
        0.6000000000000001,
        0.7000000000000001,
        0.8,
        0.9,
        1.0
      ]
    },
    "confidences": [
      0.991995096206665,
      0.8974495530128479,
      0.8974495530128479,
      0.8974495530128479,
      0.6726040244102478,
      0.9712991714477539,
      0.9712991714477539,
      0.9712991714477539,
      0.9712991714477539,
      0.9712991714477539,
      0.9712991714477539,
      0.9712991714477539,
      0.8256085515022278,
      0.9888849258422852,
      0.9888849258422852,
      0.9943084120750427,
      0.9943084120750427,
      0.9774602651596069,
      0.9873192310333252,
      0.9488992094993591,
      0.9524441361427307,
      0.9552034139633179,
      0.9871202111244202,
      0.9952452778816223,
      0.935441792011261,
      0.9682126641273499,
      0.9682126641273499,
      0.8475070595741272,
      0.9927898049354553,
      0.9887552261352539,
      0.9769127368927002,
      0.7248920798301697,
      0.6973040699958801,
      0.6726040244102478,
      0.9884284138679504,
      0.9954075217247009,
      0.9907956719398499,
      0.9963176250457764,
      0.9965519905090332,
      0.990536630153656,
      0.9833638668060303,
      0.9921688437461853,
      0.9860481023788452,
      0.9873424768447876,
      0.8974495530128479,
      0.8974495530128479,
      0.8974495530128479,
      0.6726040244102478,
      0.9980741739273071,
      0.9941415190696716,
      0.9873157739639282,
      0.9873157739639282,
      0.9423152208328247,
      0.9423152208328247,
      0.9682126641273499,
      0.974115252494812,
      0.8824582695960999,
      0.986115574836731,
      0.6959947943687439,
      0.9959371089935303,
      0.8504302501678467,
      0.9961289167404175,
      0.98259037733078,
      0.658804178237915,
      0.985869288444519,
      0.9978975057601929,
      0.9425413608551025,
      0.8794594407081604,
      0.9886521697044373,
      0.5119948387145996,
      0.7646046280860901,
      0.6726040244102478,
      0.6726040244102478,
      0.9990063309669495,
      0.9335484504699707,
      0.9423618912696838,
      0.9922704696655273,
      0.6174752712249756,
      0.9604352116584778,
      0.986115574836731,
      0.9433281421661377,
      0.8895173072814941,
      0.9771814346313477,
      0.992974042892456,
      0.975950300693512,
      0.9531969428062439,
      0.803065299987793,
      0.5723985433578491,
      0.776095986366272,
      0.9972090125083923,
      0.9437969326972961,
      0.9703549742698669,
      0.9965406060218811,
      0.9584894776344299,
      0.9575805068016052,
      0.9799988865852356,
      0.9912472367286682,
      0.9861122965812683,
      0.9776148200035095,
      0.8819805383682251,
      0.8708866238594055,
      0.9350353479385376,
      0.7870587110519409,
      0.9962776303291321,
      0.9838510155677795,
      0.9775570631027222,
      0.9480750560760498,
      0.9942024350166321,
      0.9799864888191223,
      0.8677548766136169,
      0.8801343441009521,
      0.8399242162704468,
      0.9799004197120667,
      0.9069737792015076,
      0.926463782787323
    ],
    "predictions": [
      1,
      0,
      0,
      0,
      1,
      0,
      0,
      0,
      0,
      0,
      0,
      0,
      0,
      0,
      0,
      0,
      0,
      0,
      0,
      0,
      0,
      0,
      0,
      0,
      1,
      0,
      0,
      1,
      0,
      0,
      0,
      0,
      0,
      1,
      0,
      0,
      0,
      0,
      0,
      0,
      0,
      0,
      0,
      0,
      0,
      0,
      0,
      1,
      0,
      0,
      0,
      0,
      0,
      0,
      0,
      0,
      0,
      0,
      0,
      0,
      0,
      0,
      0,
      0,
      0,
      0,
      0,
      0,
      1,
      1,
      1,
      1,
      1,
      0,
      0,
      0,
      0,
      1,
      0,
      0,
      0,
      0,
      0,
      0,
      0,
      0,
      0,
      0,
      0,
      0,
      0,
      0,
      0,
      0,
      0,
      0,
      0,
      0,
      0,
      0,
      0,
      0,
      0,
      0,
      0,
      0,
      0,
      0,
      0,
      0,
      0,
      0,
      0,
      0,
      0
    ],
    "labels": [
      1,
      1,
      1,
      1,
      1,
      1,
      1,
      1,
      1,
      1,
      1,
      1,
      1,
      1,
      1,
      1,
      1,
      1,
      1,
      1,
      1,
      1,
      1,
      1,
      1,
      1,
      1,
      1,
      1,
      1,
      1,
      1,
      1,
      1,
      1,
      1,
      1,
      1,
      1,
      1,
      1,
      1,
      1,
      1,
      1,
      1,
      1,
      1,
      1,
      1,
      1,
      1,
      1,
      1,
      1,
      1,
      1,
      1,
      1,
      1,
      1,
      1,
      1,
      1,
      1,
      1,
      1,
      1,
      1,
      1,
      1,
      1,
      1,
      1,
      1,
      1,
      1,
      1,
      1,
      1,
      1,
      1,
      1,
      1,
      1,
      1,
      1,
      1,
      1,
      1,
      1,
      1,
      1,
      1,
      1,
      1,
      1,
      1,
      1,
      1,
      1,
      1,
      1,
      1,
      1,
      1,
      1,
      1,
      1,
      1,
      1,
      1,
      1,
      1,
      1
    ],
    "accuracy": 0.10434782608695652,
    "checkpoint_path": "resnet50_resnet50_merge_error_identification_test",
    "task_name": "merge_error_identification",
    "model_name": "resnet50"
  }
}