{
  "resnet50_split_action_20260128_082058": {
    "metrics": {
      "ece": 0.481736800303826,
      "mce": 0.6348778009414673,
      "brier_score": 0.4604040258709602,
      "bin_accuracies": [
        0.0,
        0.0,
        0.0,
        0.0,
        0.0,
        1.0,
        0.0,
        0.2857142857142857,
        0.3333333333333333,
        0.5148514851485149
      ],
      "bin_confidences": [
        0.05,
        0.15000000000000002,
        0.25,
        0.35000000000000003,
        0.45,
        0.5686390399932861,
        0.6348778009414673,
        0.749110758304596,
        0.8769712448120117,
        0.9854174256324768
      ],
      "bin_counts": [
        0,
        0,
        0,
        0,
        0,
        5,
        5,
        7,
        12,
        101
      ],
      "bin_boundaries": [
        0.0,
        0.1,
        0.2,
        0.30000000000000004,
        0.4,
        0.5,
        0.6000000000000001,
        0.7000000000000001,
        0.8,
        0.9,
        1.0
      ]
    },
    "confidences": [
      0.7205203175544739,
      0.9998345375061035,
      0.8943634629249573,
      0.9998445510864258,
      0.9998445510864258,
      0.9966418743133545,
      0.9845178723335266,
      0.9569533467292786,
      0.7971782684326172,
      0.6193625330924988,
      0.9998445510864258,
      0.6653178930282593,
      0.8657076954841614,
      0.9999675750732422,
      0.9696617722511292,
      0.9979633092880249,
      0.9965163469314575,
      0.7070825099945068,
      0.9998445510864258,
      0.9999673366546631,
      0.9999675750732422,
      0.5802234411239624,
      0.9911666512489319,
      0.8955919742584229,
      0.9911666512489319,
      0.9617327451705933,
      0.9768487811088562,
      0.9999675750732422,
      0.9845178723335266,
      0.9963940978050232,
      0.9999884366989136,
      0.998577356338501,
      0.9617327451705933,
      0.9768487811088562,
      0.9998024106025696,
      0.9999675750732422,
      0.9998024106025696,
      0.9999417066574097,
      0.9998445510864258,
      0.7466685175895691,
      0.9278679490089417,
      0.9000903367996216,
      0.9696617722511292,
      0.9911666512489319,
      0.9966333508491516,
      0.8970690965652466,
      0.9845178723335266,
      0.9966613054275513,
      0.9911666512489319,
      0.9998445510864258,
      0.9998445510864258,
      0.9999675750732422,
      0.9911666512489319,
      0.9845178723335266,
      0.9966136813163757,
      0.9845178723335266,
      0.9911666512489319,
      0.9978203773498535,
      0.9696617722511292,
      0.9987519979476929,
      0.9569533467292786,
      0.6199945211410522,
      0.5762853026390076,
      0.5696361064910889,
      0.9966057538986206,
      0.9001272320747375,
      0.9911666512489319,
      0.9985608458518982,
      0.9999675750732422,
      0.8934832811355591,
      0.9379974603652954,
      0.9988020658493042,
      0.9998445510864258,
      0.9973350167274475,
      0.7263038754463196,
      0.9985554814338684,
      0.9632803201675415,
      0.6213810443878174,
      0.962572455406189,
      0.8068147897720337,
      0.6483333706855774,
      0.9909842014312744,
      0.8955919742584229,
      0.9532206654548645,
      0.9569533467292786,
      0.9532206654548645,
      0.9966136813163757,
      0.9999481439590454,
      0.9985319375991821,
      0.7806037068367004,
      0.9999675750732422,
      0.8955919742584229,
      0.9966136813163757,
      0.9966333508491516,
      0.9532206654548645,
      0.9985319375991821,
      0.9909842014312744,
      0.8589836359024048,
      0.9985319375991821,
      0.9998445510864258,
      0.9999425411224365,
      0.999700665473938,
      0.5767857432365417,
      0.8865850567817688,
      0.9999650716781616,
      0.9915615916252136,
      0.9999425411224365,
      0.9904991984367371,
      0.5402646064758301,
      0.9999675750732422,
      0.9398778080940247,
      0.9261232018470764,
      0.9986037611961365,
      0.9951075315475464,
      0.9537339806556702,
      0.9997590184211731,
      0.9532206654548645,
      0.9963943362236023,
      0.9966613054275513,
      0.9911666512489319,
      0.9569533467292786,
      0.9532206654548645,
      0.9965954422950745,
      0.9999425411224365,
      0.9998024106025696,
      0.7654181122779846,
      0.8912748694419861,
      0.8425979614257812,
      0.9998437166213989,
      0.9916994571685791
    ],
    "predictions": [
      0,
      0,
      1,
      0,
      0,
      0,
      1,
      0,
      1,
      1,
      0,
      1,
      0,
      0,
      0,
      0,
      0,
      1,
      0,
      0,
      0,
      0,
      0,
      0,
      0,
      1,
      0,
      0,
      1,
      0,
      0,
      0,
      1,
      0,
      0,
      0,
      0,
      0,
      0,
      0,
      1,
      0,
      0,
      0,
      0,
      0,
      1,
      0,
      0,
      0,
      0,
      0,
      0,
      1,
      0,
      1,
      0,
      1,
      0,
      0,
      0,
      1,
      0,
      1,
      0,
      0,
      0,
      0,
      0,
      0,
      0,
      0,
      0,
      0,
      1,
      0,
      1,
      1,
      0,
      1,
      1,
      0,
      0,
      1,
      0,
      1,
      0,
      0,
      0,
      1,
      0,
      0,
      0,
      0,
      1,
      0,
      0,
      1,
      0,
      0,
      0,
      0,
      0,
      1,
      0,
      0,
      0,
      0,
      0,
      0,
      0,
      1,
      0,
      0,
      1,
      0,
      1,
      0,
      0,
      0,
      0,
      1,
      0,
      0,
      0,
      1,
      0,
      0,
      0,
      0
    ],
    "labels": [
      0,
      0,
      1,
      1,
      1,
      1,
      1,
      0,
      0,
      0,
      1,
      0,
      0,
      1,
      0,
      0,
      1,
      0,
      1,
      0,
      1,
      0,
      0,
      1,
      0,
      1,
      0,
      1,
      1,
      1,
      0,
      0,
      1,
      0,
      0,
      1,
      0,
      0,
      1,
      1,
      1,
      1,
      0,
      0,
      1,
      1,
      1,
      1,
      0,
      1,
      1,
      1,
      0,
      1,
      1,
      1,
      0,
      1,
      0,
      1,
      0,
      0,
      0,
      1,
      1,
      1,
      0,
      0,
      1,
      1,
      1,
      0,
      1,
      0,
      1,
      0,
      0,
      0,
      1,
      0,
      0,
      0,
      1,
      0,
      0,
      0,
      1,
      1,
      0,
      0,
      1,
      1,
      1,
      1,
      0,
      0,
      0,
      0,
      0,
      1,
      1,
      0,
      0,
      0,
      0,
      0,
      1,
      0,
      0,
      1,
      1,
      1,
      0,
      1,
      0,
      0,
      0,
      1,
      1,
      0,
      0,
      0,
      1,
      1,
      0,
      0,
      0,
      0,
      1,
      0
    ],
    "accuracy": 0.4846153846153846,
    "checkpoint_path": "resnet50_split_action_20260128_082058",
    "task_name": "split_action",
    "model_name": "resnet50"
  }
}