{
  "resnet50_resnet50_merge_error_identification_test": {
    "metrics": {
      "ece": 0.5840192722777526,
      "mce": 0.8628106951713562,
      "brier_score": 0.5537937418846061,
      "bin_accuracies": [
        0.0,
        0.0,
        0.0,
        0.0,
        0.0,
        0.125,
        0.42857142857142855,
        0.0,
        0.5,
        0.1
      ],
      "bin_confidences": [
        0.05,
        0.15000000000000002,
        0.25,
        0.35000000000000003,
        0.45,
        0.5489760637283325,
        0.6482597589492798,
        0.7435577511787415,
        0.8616411089897156,
        0.9628106951713562
      ],
      "bin_counts": [
        0,
        0,
        0,
        0,
        0,
        8,
        7,
        3,
        10,
        20
      ],
      "bin_boundaries": [
        0.0,
        0.1,
        0.2,
        0.30000000000000004,
        0.4,
        0.5,
        0.6000000000000001,
        0.7000000000000001,
        0.8,
        0.9,
        1.0
      ]
    },
    "confidences": [
      0.543623685836792,
      0.9515436291694641,
      0.9148728251457214,
      0.5244734287261963,
      0.9441204071044922,
      0.9912607073783875,
      0.9977728724479675,
      0.6694566607475281,
      0.9946919083595276,
      0.6298841238021851,
      0.8428153991699219,
      0.8813974857330322,
      0.6130385994911194,
      0.88632732629776,
      0.5481734275817871,
      0.8568075895309448,
      0.8077624440193176,
      0.9253131747245789,
      0.9592928290367126,
      0.8640176057815552,
      0.9835106134414673,
      0.7059486508369446,
      0.6643228530883789,
      0.9697722792625427,
      0.5819388031959534,
      0.5577243566513062,
      0.7638569474220276,
      0.5682280659675598,
      0.6470665335655212,
      0.9415512681007385,
      0.8593938946723938,
      0.957905650138855,
      0.9948641657829285,
      0.6556738018989563,
      0.9948575496673584,
      0.9004806876182556,
      0.7608675956726074,
      0.519354522228241,
      0.9675109386444092,
      0.85929274559021,
      0.5482920408248901,
      0.9680746793746948,
      0.8720357418060303,
      0.9841651916503906,
      0.6583757996559143,
      0.8865600228309631,
      0.969667911529541,
      0.9449871182441711
    ],
    "predictions": [
      1,
      0,
      0,
      0,
      0,
      0,
      0,
      0,
      0,
      1,
      1,
      0,
      1,
      1,
      0,
      0,
      0,
      0,
      0,
      1,
      0,
      0,
      0,
      0,
      0,
      0,
      0,
      0,
      0,
      0,
      1,
      0,
      0,
      0,
      0,
      0,
      0,
      0,
      0,
      1,
      0,
      0,
      0,
      1,
      1,
      0,
      1,
      0
    ],
    "labels": [
      1,
      1,
      1,
      1,
      1,
      1,
      1,
      1,
      1,
      1,
      1,
      1,
      1,
      1,
      1,
      1,
      1,
      1,
      1,
      1,
      1,
      1,
      1,
      1,
      1,
      1,
      1,
      1,
      1,
      1,
      1,
      1,
      1,
      1,
      1,
      1,
      1,
      1,
      1,
      1,
      1,
      1,
      1,
      1,
      1,
      1,
      1,
      1
    ],
    "accuracy": 0.22916666666666666,
    "checkpoint_path": "resnet50_resnet50_merge_error_identification_test",
    "task_name": "merge_error_identification",
    "model_name": "resnet50"
  }
}